document_id,title,category,source_url,product,version,language,retrieval_date,license,notes,source_type,raw_storage_policy
DOC001,Quick start guide for OpenWrt installation,setup,https://openwrt.org/docs/guide-quick-start/start,OpenWrt,current,English,2026-09-25,License not verified for redistribution,"Official OpenWrt documentation. Stage A smoke-test candidate for setup and first-installation guidance. Keep URL and metadata only until license is verified.",html,url_only_until_license_verified
DOC002,Internet connectivity and troubleshooting,troubleshooting,https://openwrt.org/docs/guide-quick-start/checks_and_troubleshooting,OpenWrt,current,English,2026-09-25,License not verified for redistribution,"Official OpenWrt documentation. Stage A smoke-test candidate for connectivity checks, WAN/LAN issues, diagnostics, and Wi-Fi troubleshooting.",html,url_only_until_license_verified
DOC003,"Failsafe mode, factory reset, and recovery mode",troubleshooting,https://openwrt.org/docs/guide-user/troubleshooting/failsafe_and_factory_reset,OpenWrt,current,English,2026-09-25,License not verified for redistribution,"Official OpenWrt documentation. Stage A smoke-test candidate for factory reset, recovery, and no-answer/citation testing around reset procedures.",html,url_only_until_license_verified
DOC004,Wi-Fi configuration,configuration,https://openwrt.org/docs/guide-user/network/wifi/start,OpenWrt,current,English,2026-09-25,License not verified for redistribution,"Official OpenWrt documentation. Stage A smoke-test candidate for wireless setup and configuration retrieval.",html,url_only_until_license_verified
DOC005,Upgrading OpenWrt firmware using LuCI,firmware,https://openwrt.org/docs/guide-quick-start/sysupgrade.luci,OpenWrt,current,English,2026-09-25,License not verified for redistribution,"Official OpenWrt documentation. Stage A smoke-test candidate for firmware upgrade procedures, warnings, and source-cited procedural answers.",html,url_only_until_license_verified
DOC006,OpenWrt backup and restore,troubleshooting,https://openwrt.org/docs/guide-user/troubleshooting/backup_restore,OpenWrt,current,English,2026-09-29,License not verified for redistribution,"Official OpenWrt documentation. Stage B source for backup, restore, sysupgrade backup files, and recovery-oriented support questions.",html,url_only_until_license_verified
DOC007,OpenWrt DHCP and DNS examples,configuration,https://openwrt.org/docs/guide-user/base-system/dhcp_configuration,OpenWrt,current,English,2026-09-29,License not verified for redistribution,"Official OpenWrt documentation. Stage B source for DHCP, DNS, WAN DNS override, and local network configuration questions.",html,url_only_until_license_verified
DOC008,OpenWrt firewall configuration,configuration,https://openwrt.org/docs/guide-user/firewall/firewall_configuration,OpenWrt,current,English,2026-09-29,License not verified for redistribution,"Official OpenWrt documentation. Stage B source for firewall configuration, firewall reload, connectivity risk, and configuration-backup warnings.",html,url_only_until_license_verified
DOC009,TP-Link Archer AX21 installation and user guide,manuals,https://www.tp-link.com/us/document/109182/,TP-Link Archer AX21,current,English,2026-09-29,License not verified for redistribution,"Official TP-Link documentation page. Stage B source for a vendor router user guide covering setup and router management workflows.",html,url_only_until_license_verified
DOC010,TP-Link Archer AX55 support download and firmware guidance,firmware,https://www.tp-link.com/us/support/download/archer-ax55/v1/,TP-Link Archer AX55,V1,English,2026-09-29,License not verified for redistribution,"Official TP-Link support/download page. Stage B source for firmware precautions, hardware-version checks, user guide links, and upgrade warnings.",html,url_only_until_license_verified
DOC011,TP-Link factory reset guidance,troubleshooting,https://www.tp-link.com/us/support/faq/140/,TP-Link Routers,current,English,2026-09-29,License not verified for redistribution,"Official TP-Link FAQ. Stage B source for factory reset behavior, reset-button timing, and post-reset reconfiguration expectations.",html,url_only_until_license_verified
DOC012,TP-Link router internet connectivity troubleshooting,troubleshooting,https://www.tp-link.com/us/support/faq/1105/,TP-Link Routers,current,English,2026-09-29,License not verified for redistribution,"Official TP-Link FAQ. Stage B source for router-not-connecting-to-internet troubleshooting and customer support triage.",html,url_only_until_license_verified
DOC013,NETGEAR router firmware update with web browser,firmware,https://kb.netgear.com/app/answers/detail/a_id/23442,NETGEAR Routers,current,English,2026-09-29,License not verified for redistribution,"Official NETGEAR support article. Stage B source for router firmware update steps, browser access, login requirements, and update warnings.",html,url_only_until_license_verified
DOC014,NETGEAR router factory reset,troubleshooting,https://kb.netgear.com/9665/How-do-I-perform-a-factory-reset-on-my-NETGEAR-router,NETGEAR Routers,current,English,2026-09-29,License not verified for redistribution,"Official NETGEAR support article. Stage B source for factory reset steps, reset-button timing, default credentials, and settings loss.",html,url_only_until_license_verified
DOC015,NETGEAR router access troubleshooting,troubleshooting,https://kb.netgear.com/27199/I-can-t-access-my-router-what-do-I-do,NETGEAR Routers,current,English,2026-09-29,License not verified for redistribution,"Official NETGEAR support article. Stage B source for routerlogin access errors, browser/cache checks, wired access, and default IP fallback.",html,url_only_until_license_verified
DOC016,NETGEAR WiFi password or SSID change,configuration,https://kb.netgear.com/app/answers/detail/a_id/23439/~/how-do-i-change-my-netgear-router-wifi-password-or-network-name-%28ssid%29%3F,NETGEAR Routers,current,English,2026-09-29,License not verified for redistribution,"Official NETGEAR support article. Stage B source for Wi-Fi SSID/password changes and reconnecting clients after wireless changes.",html,url_only_until_license_verified
DOC017,ASUS router factory reset,troubleshooting,https://www.asus.com/support/faq/1000925/,ASUS Routers,current,English,2026-09-29,License not verified for redistribution,"Official ASUS support FAQ. Stage B source for Web GUI reset, reset-button workflow, reset warnings, and post-reset setup.",html,url_only_until_license_verified
DOC018,ASUS router firmware update via Web GUI,firmware,https://www.asus.com/us/support/faq/1008000/,ASUS Routers,current,English,2026-09-29,License not verified for redistribution,"Official ASUS support FAQ. Stage B source for firmware update methods, manual update workflow, reset recommendation, and failed-upgrade next steps.",html,url_only_until_license_verified
DOC019,ASUS rescue mode firmware restoration,troubleshooting,https://www.asus.com/us/support/faq/1000814/,ASUS Routers,current,English,2026-09-29,License not verified for redistribution,"Official ASUS support FAQ. Stage B source for rescue mode, firmware restoration utility, adapter settings, and recovery workflow.",html,url_only_until_license_verified
DOC020,ASUS hard factory reset model list,troubleshooting,https://www.asus.com/us/support/faq/1039074/,ASUS Routers,current,English,2026-09-29,License not verified for redistribution,"Official ASUS support FAQ. Stage B source for hard factory reset guidance when standard reset does not work and model-specific reset coverage.",html,url_only_until_license_verified
DOC021,About the OpenWrt project,faq,https://openwrt.org/about,OpenWrt,current,English,2026-09-29,License not verified for redistribution,"Official OpenWrt about page. Stage B source for definitional questions such as what OpenWrt is, what it is used for, and how it differs from static vendor firmware.",html,url_only_until_license_verified
